{"admin": {"13-10-2024-12-19-32": {"arms_up": {"reps": 15, "accuracy": 0.8095238095238095, "avg_time": 2.6068891750441656}}}}